Datetime,Water Level (m)
2026-06-16 12:00:00,0.30350307
2026-06-16 13:00:00,0.073619954
2026-06-16 14:00:00,-0.11615877
2026-06-16 15:00:00,-0.25687164
2026-06-16 16:00:00,-0.24494614
2026-06-16 17:00:00,0.15855372
2026-06-16 18:00:00,0.55301464
2026-06-16 19:00:00,0.8684047
2026-06-16 20:00:00,1.0546901
2026-06-16 21:00:00,1.0063057
2026-06-16 22:00:00,0.71471685
2026-06-16 23:00:00,0.4126536
2026-06-17 00:00:00,0.1584049
2026-06-17 01:00:00,-0.056664236
2026-06-17 02:00:00,-0.23344763
2026-06-17 03:00:00,-0.370436
2026-06-17 04:00:00,-0.29281464
2026-06-17 05:00:00,0.15643468
2026-06-17 06:00:00,0.6173711
2026-06-17 07:00:00,1.0156413
2026-06-17 08:00:00,1.324313
2026-06-17 09:00:00,1.4406235
2026-06-17 10:00:00,1.2619388
2026-06-17 11:00:00,0.91071177
2026-06-17 12:00:00,0.59558177
2026-06-17 13:00:00,0.33733624
2026-06-17 14:00:00,0.11707574
2026-06-17 15:00:00,-0.06706932
2026-06-17 16:00:00,-0.20314977
2026-06-17 17:00:00,-0.100165464
2026-06-17 18:00:00,0.33816049
2026-06-17 19:00:00,0.7234592
2026-06-17 20:00:00,1.00168
2026-06-17 21:00:00,1.1319184
2026-06-17 22:00:00,1.0135034
2026-06-17 23:00:00,0.70397514
2026-06-18 00:00:00,0.41392052
2026-06-18 01:00:00,0.17254765
2026-06-18 02:00:00,-0.03059744
2026-06-18 03:00:00,-0.19690049
2026-06-18 04:00:00,-0.31593138
2026-06-18 05:00:00,-0.1459923
2026-06-18 06:00:00,0.31402248
2026-06-18 07:00:00,0.77296937
2026-06-18 08:00:00,1.1467189
2026-06-18 09:00:00,1.4099582
2026-06-18 10:00:00,1.4456002
2026-06-18 11:00:00,1.1822996
2026-06-18 12:00:00,0.84362316
2026-06-18 13:00:00,0.5534119
2026-06-18 14:00:00,0.308603
2026-06-18 15:00:00,0.10643161
2026-06-18 16:00:00,-0.060760792
2026-06-18 17:00:00,-0.1573295
2026-06-18 18:00:00,0.0903453
2026-06-18 19:00:00,0.49039882
2026-06-18 20:00:00,0.84385705
2026-06-18 21:00:00,1.0804731
2026-06-18 22:00:00,1.1583693
2026-06-18 23:00:00,0.98940593
2026-06-19 00:00:00,0.68522614
2026-06-19 01:00:00,0.4101211
2026-06-19 02:00:00,0.18023105
2026-06-19 03:00:00,-0.009286087
2026-06-19 04:00:00,-0.15645924
2026-06-19 05:00:00,-0.22929297
2026-06-19 06:00:00,0.0850535
2026-06-19 07:00:00,0.5244219
2026-06-19 08:00:00,0.93649
2026-06-19 09:00:00,1.2653451
2026-06-19 10:00:00,1.4512095
2026-06-19 11:00:00,1.3951505
2026-06-19 12:00:00,1.0924319
2026-06-19 13:00:00,0.76958036
2026-06-19 14:00:00,0.5030274
2026-06-19 15:00:00,0.2789171
2026-06-19 16:00:00,0.09733314
2026-06-19 17:00:00,-0.04615784
2026-06-19 18:00:00,-0.09639071
2026-06-19 19:00:00,0.20157693
2026-06-19 20:00:00,0.553441
2026-06-19 21:00:00,0.86718637
2026-06-19 22:00:00,1.075951
2026-06-19 23:00:00,1.1370548
2026-06-20 00:00:00,0.966399
2026-06-20 01:00:00,0.6831591
2026-06-20 02:00:00,0.4270786
2026-06-20 03:00:00,0.2121011
2026-06-20 04:00:00,0.038797364
2026-06-20 05:00:00,-0.08547759
2026-06-20 06:00:00,-0.07297642
2026-06-20 07:00:00,0.29095918
2026-06-20 08:00:00,0.6823246
2026-06-20 09:00:00,1.0322688
2026-06-20 10:00:00,1.288068
2026-06-20 11:00:00,1.3915663
2026-06-20 12:00:00,1.2689009
2026-06-20 13:00:00,0.9670691
2026-06-20 14:00:00,0.67841315
2026-06-20 15:00:00,0.43807688
2026-06-20 16:00:00,0.23256037
2026-06-20 17:00:00,0.071625754
2026-06-20 18:00:00,-0.040225014
2026-06-20 19:00:00,-0.0016225817
2026-06-20 20:00:00,0.33084118
2026-06-20 21:00:00,0.64727974
2026-06-20 22:00:00,0.9040581
2026-06-20 23:00:00,1.0642006
2026-06-21 00:00:00,1.0781515
2026-06-21 01:00:00,0.90171814
2026-06-21 02:00:00,0.6478651
2026-06-21 03:00:00,0.41413796
2026-06-21 04:00:00,0.21725518
2026-06-21 05:00:00,0.06255726
2026-06-21 06:00:00,-0.035933796
2026-06-21 07:00:00,0.038051907
2026-06-21 08:00:00,0.3873666
2026-06-21 09:00:00,0.74754035
2026-06-21 10:00:00,1.0319602
2026-06-21 11:00:00,1.2212626
2026-06-21 12:00:00,1.2573913
2026-06-21 13:00:00,1.0893881
2026-06-21 14:00:00,0.81771994
2026-06-21 15:00:00,0.57260996
2026-06-21 16:00:00,0.3638899
2026-06-21 17:00:00,0.18542722
2026-06-21 18:00:00,0.051419333
2026-06-21 19:00:00,-0.014282912
2026-06-21 20:00:00,0.1521581
2026-06-21 21:00:00,0.47788745
2026-06-21 22:00:00,0.76616514
2026-06-21 23:00:00,0.9712631
2026-06-22 00:00:00,1.0758296
2026-06-22 01:00:00,1.0527973
2026-06-22 02:00:00,0.8850707
2026-06-22 03:00:00,0.65807873
2026-06-22 04:00:00,0.4487574
2026-06-22 05:00:00,0.2694768
2026-06-22 06:00:00,0.13699035
2026-06-22 07:00:00,0.07502491
2026-06-22 08:00:00,0.18749072
2026-06-22 09:00:00,0.49567047
2026-06-22 10:00:00,0.79992026
2026-06-22 11:00:00,1.0295815
2026-06-22 12:00:00,1.1609975
