Datetime,Water Level (m)
2026-06-16 12:00:00,0.08871995
2026-06-16 13:00:00,0.11880094
2026-06-16 14:00:00,0.14401887
2026-06-16 15:00:00,0.16119082
2026-06-16 16:00:00,0.16863936
2026-06-16 17:00:00,0.16885829
2026-06-16 18:00:00,0.16331655
2026-06-16 19:00:00,0.15360397
2026-06-16 20:00:00,0.14567846
2026-06-16 21:00:00,0.14595641
2026-06-16 22:00:00,0.15739341
2026-06-16 23:00:00,0.17738564
2026-06-17 00:00:00,0.2010434
2026-06-17 01:00:00,0.22296868
2026-06-17 02:00:00,0.23839
2026-06-17 03:00:00,0.24483605
2026-06-17 04:00:00,0.24443603
2026-06-17 05:00:00,0.23846702
2026-06-17 06:00:00,0.22857852
2026-06-17 07:00:00,0.21742718
2026-06-17 08:00:00,0.2085904
2026-06-17 09:00:00,0.20885392
2026-06-17 10:00:00,0.22194302
2026-06-17 11:00:00,0.24517238
2026-06-17 12:00:00,0.27509955
2026-06-17 13:00:00,0.30689326
2026-06-17 14:00:00,0.3296253
2026-06-17 15:00:00,0.3468565
2026-06-17 16:00:00,0.35793597
2026-06-17 17:00:00,0.36143264
2026-06-17 18:00:00,0.35908136
2026-06-17 19:00:00,0.3519201
2026-06-17 20:00:00,0.34221506
2026-06-17 21:00:00,0.33539784
2026-06-17 22:00:00,0.3381089
2026-06-17 23:00:00,0.3534962
2026-06-18 00:00:00,0.37616643
2026-06-18 01:00:00,0.40061113
2026-06-18 02:00:00,0.4207563
2026-06-18 03:00:00,0.43392068
2026-06-18 04:00:00,0.43847093
2026-06-18 05:00:00,0.436445
2026-06-18 06:00:00,0.43010068
2026-06-18 07:00:00,0.4212626
2026-06-18 08:00:00,0.41149962
2026-06-18 09:00:00,0.40424007
2026-06-18 10:00:00,0.40639806
2026-06-18 11:00:00,0.4230458
2026-06-18 12:00:00,0.45019868
2026-06-18 13:00:00,0.47969124
2026-06-18 14:00:00,0.51022243
2026-06-18 15:00:00,0.53548956
2026-06-18 16:00:00,0.55154496
2026-06-18 17:00:00,0.55945283
2026-06-18 18:00:00,0.55985796
2026-06-18 19:00:00,0.55637544
2026-06-18 20:00:00,0.5500449
2026-06-18 21:00:00,0.5425671
2026-06-18 22:00:00,0.53848046
2026-06-18 23:00:00,0.5447163
2026-06-19 00:00:00,0.56370825
2026-06-19 01:00:00,0.58862877
2026-06-19 02:00:00,0.6125499
2026-06-19 03:00:00,0.6306723
2026-06-19 04:00:00,0.64062756
2026-06-19 05:00:00,0.64314574
2026-06-19 06:00:00,0.64053506
2026-06-19 07:00:00,0.6343847
2026-06-19 08:00:00,0.6256204
2026-06-19 09:00:00,0.6154956
2026-06-19 10:00:00,0.60965776
2026-06-19 11:00:00,0.61655074
2026-06-19 12:00:00,0.63747114
2026-06-19 13:00:00,0.6669833
2026-06-19 14:00:00,0.6972344
2026-06-19 15:00:00,0.7238796
2026-06-19 16:00:00,0.74352205
2026-06-19 17:00:00,0.7556518
2026-06-19 18:00:00,0.7597995
2026-06-19 19:00:00,0.758992
2026-06-19 20:00:00,0.7538239
2026-06-19 21:00:00,0.7468149
2026-06-19 22:00:00,0.7391063
2026-06-19 23:00:00,0.73541945
2026-06-20 00:00:00,0.74149024
2026-06-20 01:00:00,0.7591876
2026-06-20 02:00:00,0.7818714
2026-06-20 03:00:00,0.8032065
2026-06-20 04:00:00,0.8181005
2026-06-20 05:00:00,0.8256727
2026-06-20 06:00:00,0.82708406
2026-06-20 07:00:00,0.8238219
2026-06-20 08:00:00,0.8175574
2026-06-20 09:00:00,0.808757
2026-06-20 10:00:00,0.79988307
2026-06-20 11:00:00,0.7967832
2026-06-20 12:00:00,0.8064995
2026-06-20 13:00:00,0.82771087
2026-06-20 14:00:00,0.8548444
2026-06-20 15:00:00,0.8844428
2026-06-20 16:00:00,0.907843
2026-06-20 17:00:00,0.9208634
2026-06-20 18:00:00,0.92577887
2026-06-20 19:00:00,0.92555296
2026-06-20 20:00:00,0.9213581
2026-06-20 21:00:00,0.9143056
2026-06-20 22:00:00,0.9050983
2026-06-20 23:00:00,0.8962867
2026-06-21 00:00:00,0.8922229
2026-06-21 01:00:00,0.8982453
2026-06-21 02:00:00,0.9140716
2026-06-21 03:00:00,0.9335378
2026-06-21 04:00:00,0.9491274
2026-06-21 05:00:00,0.9602555
2026-06-21 06:00:00,0.96485937
2026-06-21 07:00:00,0.964049
2026-06-21 08:00:00,0.9588079
2026-06-21 09:00:00,0.95137846
2026-06-21 10:00:00,0.94206136
2026-06-21 11:00:00,0.93395585
2026-06-21 12:00:00,0.93298197
2026-06-21 13:00:00,0.94356424
2026-06-21 14:00:00,0.96243626
2026-06-21 15:00:00,0.9865257
2026-06-21 16:00:00,1.0083635
2026-06-21 17:00:00,1.0242205
2026-06-21 18:00:00,1.0318273
2026-06-21 19:00:00,1.0330737
2026-06-21 20:00:00,1.0301268
2026-06-21 21:00:00,1.0242589
2026-06-21 22:00:00,1.0163401
2026-06-21 23:00:00,1.0068927
2026-06-22 00:00:00,0.9987058
2026-06-22 01:00:00,0.99778634
2026-06-22 02:00:00,1.005947
2026-06-22 03:00:00,1.0201925
2026-06-22 04:00:00,1.0376008
2026-06-22 05:00:00,1.0516438
2026-06-22 06:00:00,1.060207
2026-06-22 07:00:00,1.063215
2026-06-22 08:00:00,1.0615617
2026-06-22 09:00:00,1.0563936
2026-06-22 10:00:00,1.0495583
2026-06-22 11:00:00,1.0409913
2026-06-22 12:00:00,1.0345001
